channel_number,channel_name,call_letter,live_channel_pid,xmltv_tvg_id
1,MOVISTAR EVENTOS,MOVISTAR_EVENTOS,lch5483,lch5483
10,RPP HD,RPP HD,lch2459,lch2459
101,SONY MOVIES,SONYMOVIES,lch7265,lch7265
104,STUDIO UNIVERSAL,STUDIOUNIVERSAL,lch2245,lch2245
105,SONY,SONY,lch7253,lch7253
107,AXN,AXN,lch7252,lch7252
108,STAR CHANNEL,STAR Channel,lch2227,lch2227
109,FX HD,FX HD,lch2325,lch2325
11,L1,LIGA 1,lch7217,lch7217
111,USA NETWORK,USANETWORK,lch7234,lch7234
115,CLOVER,CLOVER HD,lch5623,lch5623
116,Star TVE HD,STAR TVE HD,lch5700,lch5700
12,WILLAX,Willax,lch2219,lch2219
129,A&E,AYE,lch7264,lch7264
13,GLOBAL TV,GLOBAL TV OTT,lch6309,lch6309
14,L1MAX,LIGA 1 MAX,lch7216,lch7216
15,ESPN HD,ESPN HD,lch2775,lch2775
150,CINECANAL HD,Cinecanal HD,lch2335,lch2335
151,COMEDY CENTRAL HD,ComedyCentralHD,lch2328,lch2328
152,UNIVERSAL,UNIVERSAL,lch7233,lch7233
153,ATRES SERIES HD,ATRES SERIES HD,lch6559,lch6559
154,LIFETIME,LIFETIME,lch7254,lch7254
16,ESPN 2 HD,ESPN 2 HD,lch3952,lch3952
17,ESPN 3 HD,ESPN 3 HD,lch2776,lch2776
18,ESPN 4 HD,ESPN 4 HD,lch2813,lch2813
19,ESPN 5 HD,ESPN 5 HD,lch2339,lch2339
2,LATINA HD,Latina HD,lch2201,lch2201
20,ESPN 6 HD,ESPN 6 HD,lch2341,lch2341
201,MAGELLAN TV,MAGELLANTV,lch7232,lch7232
203,HISTORY,HISTORY,lch7251,lch7251
206,NAT GEO HD,Nat Geo HD,lch3489,lch3489
207,HISTORY 2,HISTORY2,lch7261,lch7261
21,ESPN 7 HD,ESPN 7 HD,lch2340,lch2340
214,Love Nature HD,LOVE NATURE HD,lch5703,lch5703
22,AL FONDO HAY SITIO,ALFONDOHAYSITIO,lch7276,lch7276
23,Tl Novelas,TL NOVELAS OTT,lch6518,lch6518
24,las estrellas,LAS ESTRELLAS OTT,lch6517,lch6517
26,K-DRAMA,K DRAMA OTT,lch6295,lch6295
27,VE PLUS,VE PLUS OTT,lch6305,lch6305
28,Pasiones HD,PASIONES HD,lch5701,lch5701
29,Juntos TV,Canal J,lch3753,lch3753
3,M DEPORTES HD,M Deportes HD,lch3298,lch3298
30,La Tele,LA TELE OTT,lch6471,lch6471
304,E! ENTERTAINMENT,ENTERTAINMENT,lch7228,lch7228
31,TV PERU 7.3,TVPERU73,lch6468,lch6468
311,ALACOCINA TV,ALACOCINA TV HD,lch7106,lch7106
313,SUN CHANNEL,SUNCHANNEL,lch7230,lch7230
315,UCL,UCL HD,lch5624,lch5624
319,IPe,IPE OTT,lch6469,lch6469
32,ATV+,ATV MAS OTT,lch6307,lch6307
33,TRIVU,TRIVU,lch7161,lch7161
34,EXITOSA TV,EXITOSA TV OTT,lch6311,lch6311
35,PBO,PBO HD,lch7110,lch7110
36,Nativa Tv,NATIVA TV OTT,lch6519,lch6519
38,VIVA TV,VIVA TV OTT,lch6470,lch6470
39,USMP TV,USMP TV,lch4105,lch4105
4,AMERICA TELEVISION,TruTVHD,lch2349,lch2349
40,OVACION,OVACION,lch7202,lch7202
401,ZOOMOO,ZOOMOO,lch7250,lch7250
404,DREAMWORKS,DREAMWORKS,lch7227,lch7227
41,Neo TV,NEOTV,lch7224,lch7224
410,NICK HD,NickHD,lch2358,lch2358
412,DISNEY CHANNEL HD,DisneyHD,lch2357,lch2357
416,DISNEY JUNIOR,DisneyJunior,lch2291,lch2291
419,BABY TV,BABY TV OTT,lch6308,lch6308
42,RUMBO MINERO,RUMBOMINERO,lch7295,lch7295
420,CLAN HD,CLAN HD,lch6616,lch6616
421,KIDS STARS,KIDS STARS,lch5626,lch5626
426,PLIM PLIM,PLIM PLIM HD,lch7115,lch7115
427,NICK JR,NICK JR,lch7205,lch7205
5,PANAMERICANA TELEVISION HD,Panamericana HD,lch2203,lch2203
511,PX SPORTS,PX SPORTS OTT,lch6293,lch6293
513,Via X Esports HD,VIA X ESPORTS HD,lch5704,lch5704
516,JOCKEY CLUB,JockeyClub,lch2300,lch2300
539,CNBC,CNBC,lch7231,lch7231
541,TVLIBERTAD,TVLIBERTAD HD,lch6619,lch6619
543,DEUTSCHE WELLE,DEUTSCHE WELLE OTT,lch6478,lch6478
545,VOA,VOA OTT,lch6480,lch6480
546,BBC WORLD NEWS,BBC WORLD NEWS HD,lch7114,lch7114
547,FRANCE24,FRANCE24 OTT,lch6302,lch6302
548,FOX NEWS,FOX_NEWS,lch7281,lch7281
550,CONGRESO,CONGRESO OTT,lch6310,lch6310
551,JUSTICIA TV,JUSTICIA TV OTT,lch6312,lch6312
552,JNE TV,JNE TV,lch7203,lch7203
553,SOL TV,SOL TV OTT,lch6473,lch6473
570,EWTN,EWTN OTT,lch6289,lch6289
571,NUEVO TIEMPO,NUEVO TIEMPO OTT,lch6476,lch6476
572,ENLACE TBN,ENLACE TBN OTT,lch6316,lch6316
574,JN19 TELEJUAN,JN19 TELEJUAN OTT,lch6475,lch6475
575,PAXTV,PAXTV OTT,lch6477,lch6477
576,DAYSTAR HD,DAYSTAR HD,lch6992,lch6992
577,CRISTOVISION,CRISTOVISION,lch7204,lch7204
578,BETHEL,BETHEL,lch7249,lch7249
6,MOVISTAR PLUS,PLUS LIFE,lch3297,lch3297
602,MTV HD,MTVHD,lch2359,lch2359
605,TOP LATINO,TOP LATINO HD,lch7108,lch7108
606,KARIBEÑA,KARIBENA,lch7275,lch7275
651,TELEMUNDO,TELEMUNDO,lch7229,lch7229
667,CGTN ESPAÑOL,CGTNESPANOL,lch7263,lch7263
669,RUSIA TODAY,RUSIATODAY,lch7262,lch7262
7,TV PERU HD,TV Peru HD,lch2204,lch2204
737,MONITOR,MONITOR,lch7245,lch7245
8,CANAL N HD,Canal N HD,lch2318,lch2318
802,ARIRANG,ARIRANG,lch7226,lch7226
804,TV GLOBO,TV GLOBO OTT,lch6303,lch6303
806,Telefe Internacional,TELEFE INT OTT,lch6306,lch6306
810,TVN CHILE,TVN CHILE OTT,lch6304,lch6304
8150,U TV,U TV,lch5665,lch5665
818,TVE,TVE OTT,lch6294,lch6294
820,ANTENA 3,ANTENA 3 OTT,lch6292,lch6292
828,RAI ITALIA,RAI ITALIA OTT,lch6291,lch6291
830,TV5,TV5 OTT,lch6299,lch6299
834,CCTV,CCTV OTT,lch6479,lch6479
9,ATV HD,ATV HD,lch2205,lch2205
